id,first_name,last_name,email,gender,age,transactions
1,Albina,Hamal,ahamal0@yandex.ru,Female,39,14
2,Cori,Kubasiewicz,ckubasiewicz1@mashable.com,Male,20,10
3,Theadora,Oxterby,toxterby2@virginia.edu,Female,78,64
4,Gaye,Myhill,gmyhill3@pinterest.com,Female,57,37
5,Gil,Mugridge,gmugridge4@printfriendly.com,Male,97,35
6,Tadeo,Somerset,tsomerset5@cdc.gov,Male,31,59
7,Maisey,Vasilyev,mvasilyev6@bizjournals.com,Female,25,57
8,Fin,Longcaster,flongcaster7@columbia.edu,Male,89,16
9,Guido,Littell,glittell8@histats.com,Male,75,43
10,Fairfax,Arsey,farsey9@npr.org,Male,59,26
11,Renault,Moxsom,rmoxsoma@globo.com,Male,63,37
12,Melonie,Schowenburg,mschowenburgb@cbsnews.com,Female,94,32
13,Meghann,Stanyland,mstanylandc@theguardian.com,Female,50,53
14,Simeon,Primett,sprimettd@ebay.co.uk,Male,43,61
15,Glynda,Philipsen,gphilipsene@mac.com,Female,90,17
16,Minetta,Broggetti,mbroggettif@geocities.jp,Female,84,62
17,Jane,Wickrath,jwickrathg@washingtonpost.com,Female,46,59
18,Aileen,Sommersett,asommersetth@tinyurl.com,Female,63,0
19,Norbie,Lydall,nlydalli@artisteer.com,Male,63,67
20,Falkner,Lowings,flowingsj@upenn.edu,Male,73,9
21,Wynne,Dawdry,wdawdryk@cafepress.com,Female,27,51
22,Rodd,Klewi,rklewil@unc.edu,Male,69,9
23,Cilka,Papis,cpapism@google.es,Female,65,24
24,Chlo,Rieflin,crieflinn@yandex.ru,Female,27,18
25,Reamonn,Leinweber,rleinwebero@qq.com,Male,76,42
26,Garrick,Toffolini,gtoffolinip@yahoo.com,Male,31,70
27,Bernarr,Maddin,bmaddinq@apple.com,Male,31,65
28,Terrye,Rentoul,trentoulr@stanford.edu,Female,77,39
29,Tanya,Eglaise,teglaises@cyberchimps.com,Female,46,9
30,Bradney,Ruddy,bruddyt@eepurl.com,Male,86,24
31,Floyd,Skelding,fskeldingu@google.fr,Male,53,34
32,Merralee,Hanwright,mhanwrightv@umn.edu,Female,76,67
33,Elmo,Bohman,ebohmanw@hao123.com,Male,20,43
34,Son,Dabs,sdabsx@mozilla.com,Male,85,1
35,Thor,Ambrosoni,tambrosoniy@umich.edu,Male,53,42
36,Teriann,Kidstone,tkidstonez@friendfeed.com,Female,80,63
37,Shell,MacColgan,smaccolgan10@boston.com,Male,74,31
38,Marietta,Peniman,mpeniman11@senate.gov,Female,57,61
39,Dunn,Szymanowicz,dszymanowicz12@wisc.edu,Male,67,12
40,Dwight,Cogan,dcogan13@businessweek.com,Male,47,30
41,Gareth,Wyvill,gwyvill14@squarespace.com,Male,74,50
42,Haily,Lauridsen,hlauridsen15@hc360.com,Male,25,21
43,Shalom,Esbrook,sesbrook16@symantec.com,Male,65,55
44,Lilia,McBeith,lmcbeith17@sohu.com,Female,54,7
45,Barbabra,McAleese,bmcaleese18@google.com.br,Female,77,68
46,Valry,Waiting,vwaiting19@tinypic.com,Female,30,0
47,Britte,McCaffery,bmccaffery1a@usnews.com,Female,29,8
48,Godfree,Tallis,gtallis1b@globo.com,Male,63,51
49,Wini,Eat,weat1c@cafepress.com,Female,32,65
50,Odie,Banaszczyk,obanaszczyk1d@nytimes.com,Male,30,43
51,Riane,Cudde,rcudde1e@elpais.com,Female,43,60
52,Nicol,Cornes,ncornes1f@dot.gov,Male,26,44
53,Edvard,Shafier,eshafier1g@technorati.com,Male,52,27
54,Anselma,Rraundl,arraundl1h@bandcamp.com,Female,72,28
55,Caria,Shuter,cshuter1i@ning.com,Female,85,25
56,Fiorenze,Titchard,ftitchard1j@irs.gov,Female,84,26
57,Blithe,Stegel,bstegel1k@desdev.cn,Female,87,23
58,Hoyt,Haberfield,hhaberfield1l@google.de,Male,22,26
59,Mercie,Dood,mdood1m@weebly.com,Female,26,1
60,Frazer,Sircombe,fsircombe1n@msu.edu,Male,96,12
61,Pennie,Hessay,phessay1o@illinois.edu,Female,92,41
62,Angelico,Eilles,aeilles1p@technorati.com,Male,54,50
63,Peyter,Cavanaugh,pcavanaugh1q@sphinn.com,Male,53,10
64,Karee,Newcombe,knewcombe1r@youtube.com,Female,81,43
65,Manon,Roscamps,mroscamps1s@wikipedia.org,Female,33,69
66,Hank,Nickols,hnickols1t@apple.com,Male,76,58
67,Abran,Duguid,aduguid1u@sun.com,Male,74,11
68,Hillyer,Cobleigh,hcobleigh1v@cdc.gov,Male,87,36
69,Emmalyn,Ply,eply1w@bloglovin.com,Female,72,4
70,Garey,Caplan,gcaplan1x@pinterest.com,Male,85,63
71,Lorena,Shaudfurth,lshaudfurth1y@tmall.com,Female,98,41
72,Dagmar,Cords,dcords1z@nasa.gov,Female,81,42
73,Maddie,Danbye,mdanbye20@disqus.com,Male,52,17
74,Maximilianus,Gluyas,mgluyas21@infoseek.co.jp,Male,91,41
75,Shara,McLaggan,smclaggan22@elpais.com,Female,59,31
76,Anet,Pluck,apluck23@ustream.tv,Female,94,34
77,Ignatius,Hambribe,ihambribe24@sphinn.com,Male,79,46
78,Fred,Parsley,fparsley25@chicagotribune.com,Male,69,46
79,Monte,McCrachen,mmccrachen26@un.org,Male,82,7
80,Phip,Andrini,pandrini27@dot.gov,Male,85,6
81,Hattie,Aslott,haslott28@state.gov,Female,35,3
82,Tann,Lorente,tlorente29@booking.com,Male,70,4
83,Rogerio,Keel,rkeel2a@msn.com,Male,61,15
84,Rick,Crocken,rcrocken2b@imageshack.us,Male,56,70
85,Chane,Mantrup,cmantrup2c@washington.edu,Male,24,35
86,Catrina,Weatherburn,cweatherburn2d@cafepress.com,Female,32,4
87,Spenser,Bonhome,sbonhome2e@uol.com.br,Male,80,55
88,Bram,Mundy,bmundy2f@sakura.ne.jp,Male,38,33
89,Pavlov,Peet,ppeet2g@homestead.com,Male,51,35
90,Audrie,Brobeck,abrobeck2h@drupal.org,Female,29,58
91,Riley,Navaro,rnavaro2i@sohu.com,Male,32,51
92,Jaclin,Leathlay,jleathlay2j@wikipedia.org,Female,58,49
93,Papageno,Pettit,ppettit2k@shareasale.com,Male,75,62
94,Ermengarde,Sherewood,esherewood2l@tiny.cc,Female,62,37
95,Aili,Cordsen,acordsen2m@dmoz.org,Female,45,70
96,Maridel,Bolam,mbolam2n@dagondesign.com,Female,47,46
97,Inigo,Blinkhorn,iblinkhorn2o@ehow.com,Male,59,54
98,Friedrick,Garci,fgarci2p@webeden.co.uk,Male,60,47
99,Moyra,Howett,mhowett2q@creativecommons.org,Female,71,43
100,Theresa,Ovitz,tovitz2r@comcast.net,Female,57,21
101,Victoir,Dabinett,vdabinett2s@sbwire.com,Male,100,43
102,Carolin,Dradey,cdradey2t@skype.com,Female,77,31
103,Bentlee,Rubinowicz,brubinowicz2u@yellowpages.com,Male,49,43
104,Spenser,Lory,slory2v@prweb.com,Male,62,6
105,Tatum,Lafford,tlafford2w@taobao.com,Female,27,27
106,Belva,Starte,bstarte2x@patch.com,Female,97,26
107,Eloise,Hambling,ehambling2y@geocities.com,Female,85,5
108,Mallory,Simpkins,msimpkins2z@domainmarket.com,Male,35,47
109,Leandra,Chatin,lchatin30@youtube.com,Female,49,13
110,Ruperto,Paladini,rpaladini31@live.com,Male,53,53
111,Drusilla,Crumby,dcrumby32@nih.gov,Female,92,51
112,Antoni,Exall,aexall33@nyu.edu,Male,84,55
113,Reginauld,Treharne,rtreharne34@foxnews.com,Male,60,24
114,Olvan,Tofts,otofts35@ted.com,Male,59,7
115,Palm,Pengilley,ppengilley36@boston.com,Male,65,39
116,Maire,Wilshere,mwilshere37@illinois.edu,Female,99,51
117,Oralia,Landa,olanda38@phoca.cz,Female,94,67
118,Jorge,Whiscard,jwhiscard39@elpais.com,Male,88,12
119,Danni,Daysh,ddaysh3a@ameblo.jp,Female,43,4
120,Sara,Aslott,saslott3b@sohu.com,Female,70,3
121,Kettie,Deeprose,kdeeprose3c@artisteer.com,Female,67,20
122,Steward,Sked,ssked3d@purevolume.com,Male,70,33
123,Horst,Povele,hpovele3e@uol.com.br,Male,68,3
124,Pearla,Grugerr,pgrugerr3f@bloomberg.com,Female,94,53
125,Vidovik,Grinaway,vgrinaway3g@etsy.com,Male,44,67
126,Nahum,Kittel,nkittel3h@aol.com,Male,70,64
127,Dannel,Iverson,diverson3i@studiopress.com,Male,50,48
128,Thomasa,Tolussi,ttolussi3j@cpanel.net,Female,42,5
129,Randolf,Bertenshaw,rbertenshaw3k@buzzfeed.com,Male,83,50
130,Wayland,Weond,wweond3l@latimes.com,Male,76,44
131,Mallory,Houselee,mhouselee3m@slideshare.net,Female,75,11
132,Elwin,Daykin,edaykin3n@elegantthemes.com,Male,66,70
133,Lynnett,Syvret,lsyvret3o@archive.org,Female,61,30
134,Elbertine,Taplin,etaplin3p@blogger.com,Female,39,56
135,Aleta,Haveline,ahaveline3q@gov.uk,Female,54,46
136,Lina,Snel,lsnel3r@nytimes.com,Female,23,19
137,Warden,Georgel,wgeorgel3s@angelfire.com,Male,27,0
138,Beatriz,Donavan,bdonavan3t@usda.gov,Female,31,23
139,Francois,Duffett,fduffett3u@techcrunch.com,Male,64,21
140,Terri,Baxstair,tbaxstair3v@goodreads.com,Male,74,20
141,Charline,Jerrems,cjerrems3w@acquirethisname.com,Female,80,59
142,Alverta,Applewhaite,aapplewhaite3x@elegantthemes.com,Female,56,4
143,Mathias,Proud,mproud3y@google.com.br,Male,64,29
144,Bradney,Spancock,bspancock3z@ocn.ne.jp,Male,39,58
145,Ag,Watling,awatling40@wp.com,Female,56,40
146,Ursala,Bransden,ubransden41@xrea.com,Female,43,42
147,Rosalyn,Medler,rmedler42@ebay.co.uk,Female,31,64
148,Anastasia,Dewitt,adewitt43@alexa.com,Female,90,57
149,Saw,Norquay,snorquay44@altervista.org,Male,83,33
150,Chrissie,Doughill,cdoughill45@thetimes.co.uk,Male,67,33
151,Pooh,Cristea,pcristea46@printfriendly.com,Male,92,42
152,Cahra,M'Quharge,cmquharge47@ox.ac.uk,Female,64,40
153,Lorettalorna,Tunno,ltunno48@buzzfeed.com,Female,76,58
154,Durante,Klemt,dklemt49@jugem.jp,Male,80,48
155,Robinia,Jedras,rjedras4a@parallels.com,Female,66,44
156,Goddart,Di Carlo,gdicarlo4b@go.com,Male,26,37
157,Alexander,Archibould,aarchibould4c@pinterest.com,Male,65,24
158,Jaymee,Sissel,jsissel4d@cdc.gov,Female,74,27
159,Isador,Baltzar,ibaltzar4e@google.pl,Male,81,54
160,Ted,Gleader,tgleader4f@rambler.ru,Female,98,65
161,Claudina,Corradengo,ccorradengo4g@bloomberg.com,Female,79,68
162,Nissy,Pirdy,npirdy4h@stumbleupon.com,Female,89,31
163,Deina,Caffin,dcaffin4i@squarespace.com,Female,97,9
164,Stanfield,Briston,sbriston4j@alibaba.com,Male,86,17
165,Easter,Spreckley,espreckley4k@google.pl,Female,32,55
166,Case,Straw,cstraw4l@ebay.com,Male,23,22
167,Stefanie,Waleworke,swaleworke4m@plala.or.jp,Female,53,0
168,Zane,Dupre,zdupre4n@jimdo.com,Male,97,24
169,Angelia,Wordington,awordington4o@phoca.cz,Female,50,15
170,Adriena,Murphy,amurphy4p@ifeng.com,Female,53,55
171,Easter,Loreit,eloreit4q@uol.com.br,Female,29,37
172,Moria,Matteoni,mmatteoni4r@rediff.com,Female,21,42
173,Baxter,Doick,bdoick4s@a8.net,Male,53,44
174,Lorilee,McIlherran,lmcilherran4t@irs.gov,Female,39,58
175,Eugenius,Bletsor,ebletsor4u@sogou.com,Male,62,69
176,Lula,Sisneros,lsisneros4v@stanford.edu,Female,41,37
177,Rustie,Borrowman,rborrowman4w@loc.gov,Male,96,64
178,Shawn,Greeson,sgreeson4x@fda.gov,Female,32,60
179,Alano,McGilbon,amcgilbon4y@dropbox.com,Male,67,44
180,Susanne,Watmore,swatmore4z@histats.com,Female,31,60
181,Fraze,Herrema,fherrema50@macromedia.com,Male,95,35
182,Caryl,Bushaway,cbushaway51@ning.com,Male,97,6
183,Moishe,Vittery,mvittery52@latimes.com,Male,43,70
184,Chadwick,Fluger,cfluger53@sciencedirect.com,Male,92,28
185,Korrie,Deane,kdeane54@eepurl.com,Female,49,13
186,Kristos,Betterton,kbetterton55@blogspot.com,Male,56,68
187,Kevina,Corsar,kcorsar56@nasa.gov,Female,67,54
188,Jeffry,Chateau,jchateau57@vk.com,Male,87,55
189,Lauren,Cozens,lcozens58@domainmarket.com,Female,58,49
190,Morse,Atmore,matmore59@marriott.com,Male,74,25
191,Allys,Moneti,amoneti5a@yahoo.com,Female,60,18
192,Reine,Malin,rmalin5b@vimeo.com,Female,94,65
193,Abbey,Rawlings,arawlings5c@printfriendly.com,Female,30,44
194,Elianora,Yellop,eyellop5d@google.nl,Female,86,54
195,Wylma,Bidmead,wbidmead5e@mysql.com,Female,45,70
196,Pippa,Weiss,pweiss5f@cbsnews.com,Female,76,19
197,Bamby,Seifert,bseifert5g@hostgator.com,Female,84,4
198,Irvine,McCunn,imccunn5h@virginia.edu,Male,39,32
199,Aileen,MacFaell,amacfaell5i@seattletimes.com,Female,68,62
200,Shalom,Van der Brug,svanderbrug5j@java.com,Male,83,37
201,Mark,Livett,mlivett5k@slashdot.org,Male,94,64
202,Maddie,Burchard,mburchard5l@patch.com,Female,78,29
203,Kacey,Joselovitch,kjoselovitch5m@microsoft.com,Female,47,44
204,Kristy,Yakubowicz,kyakubowicz5n@ebay.co.uk,Female,57,6
205,Jolene,Ferne,jferne5o@thetimes.co.uk,Female,95,61
206,Peria,Seif,pseif5p@soup.io,Female,93,23
207,Vivien,Notti,vnotti5q@examiner.com,Female,97,50
208,Carroll,Grealy,cgrealy5r@vimeo.com,Female,55,56
209,Mimi,Camamile,mcamamile5s@shop-pro.jp,Female,73,46
210,Artair,Taill,ataill5t@google.co.jp,Male,39,42
211,Lorie,Rosenberg,lrosenberg5u@latimes.com,Female,46,70
212,Tedman,Paxton,tpaxton5v@free.fr,Male,40,47
213,Francyne,Aldersea,faldersea5w@diigo.com,Female,74,63
214,Ardis,Deinhard,adeinhard5x@ucsd.edu,Female,93,40
215,Amata,Lermouth,alermouth5y@w3.org,Female,67,69
216,Barth,Beament,bbeament5z@npr.org,Male,96,69
217,Melinda,Burbridge,mburbridge60@soundcloud.com,Female,76,8
218,Bradan,Ashbridge,bashbridge61@archive.org,Male,65,32
219,Vanya,Zmitrovich,vzmitrovich62@wix.com,Male,83,63
220,Magdalena,Mursell,mmursell63@ed.gov,Female,94,34
221,Delila,Jeannin,djeannin64@upenn.edu,Female,69,4
222,Beauregard,Manby,bmanby65@un.org,Male,90,25
223,Wallas,Joinsey,wjoinsey66@prlog.org,Male,66,48
224,Fanchette,Keynes,fkeynes67@flavors.me,Female,95,36
225,Andras,Baudin,abaudin68@netvibes.com,Male,40,44
226,Any,De Filippis,adefilippis69@de.vu,Male,64,57
227,Thom,Lehr,tlehr6a@statcounter.com,Male,99,58
228,Ambros,Chadbourne,achadbourne6b@google.com.hk,Male,61,19
229,Donella,Partrick,dpartrick6c@studiopress.com,Female,77,62
230,Allys,Durtnal,adurtnal6d@bizjournals.com,Female,73,11
231,Art,Bulluck,abulluck6e@princeton.edu,Male,30,62
232,Izabel,Nand,inand6f@slideshare.net,Female,80,26
233,Lulu,Newband,lnewband6g@weather.com,Female,93,40
234,Freda,Tolworthie,ftolworthie6h@sohu.com,Female,64,67
235,Briano,Salvadori,bsalvadori6i@theatlantic.com,Male,32,15
236,Eran,Cassley,ecassley6j@shop-pro.jp,Female,100,53
237,Berget,Paradine,bparadine6k@netvibes.com,Female,32,18
238,Theodoric,Demkowicz,tdemkowicz6l@epa.gov,Male,88,45
239,Cecile,Peagrim,cpeagrim6m@reuters.com,Female,76,4
240,Mile,Hinken,mhinken6n@fastcompany.com,Male,20,6
241,Berrie,MacKeague,bmackeague6o@quantcast.com,Female,69,26
242,Bernita,Ingle,bingle6p@harvard.edu,Female,68,7
243,Karil,Worshall,kworshall6q@posterous.com,Female,27,9
244,Atlanta,Rising,arising6r@umn.edu,Female,81,21
245,Vin,Gong,vgong6s@rambler.ru,Female,46,34
246,Kessiah,Ferrer,kferrer6t@irs.gov,Female,20,45
247,Maudie,Suthworth,msuthworth6u@google.fr,Female,87,33
248,Dyna,Jeynes,djeynes6v@google.ru,Female,100,22
249,Mallory,Ference,mference6w@surveymonkey.com,Female,39,21
250,Mitch,Retallack,mretallack6x@reuters.com,Male,22,36
251,Kahlil,Bouzek,kbouzek6y@amazon.com,Male,23,39
252,Adriane,Lemmens,alemmens6z@example.com,Female,66,0
253,Randee,Gommes,rgommes70@ebay.co.uk,Female,54,13
254,Zenia,Cowburn,zcowburn71@princeton.edu,Female,29,51
255,Kristen,Loosley,kloosley72@google.com,Female,58,37
256,Vida,Aldrin,valdrin73@techcrunch.com,Female,61,43
257,Michaeline,Shuttle,mshuttle74@google.com.au,Female,98,64
258,Fonz,Ply,fply75@jugem.jp,Male,42,69
259,Carrissa,Gillcrist,cgillcrist76@sourceforge.net,Female,37,15
260,Ralf,Drescher,rdrescher77@sciencedaily.com,Male,31,13
261,Malory,Braunds,mbraunds78@wikispaces.com,Female,36,5
262,Joey,Ramiro,jramiro79@icq.com,Female,39,38
263,Trevor,Westbury,twestbury7a@dropbox.com,Male,84,62
264,Baryram,Keslake,bkeslake7b@prweb.com,Male,77,65
265,Roseline,Backshall,rbackshall7c@myspace.com,Female,60,33
266,Davey,Janczyk,djanczyk7d@oaic.gov.au,Male,28,55
267,Davidde,Borrow,dborrow7e@earthlink.net,Male,100,54
268,Moll,Budik,mbudik7f@macromedia.com,Female,20,67
269,Hayley,Shuker,hshuker7g@creativecommons.org,Female,84,70
270,Mead,Ommanney,mommanney7h@tmall.com,Male,58,67
271,Rycca,Gotobed,rgotobed7i@gmpg.org,Female,60,32
272,Esther,Grastye,egrastye7j@booking.com,Female,29,57
273,Flss,Gregs,fgregs7k@booking.com,Female,45,1
274,Yvon,Bohlsen,ybohlsen7l@biglobe.ne.jp,Male,59,60
275,Andeee,Fildes,afildes7m@jugem.jp,Female,35,46
276,Jeramie,MacKaig,jmackaig7n@blogtalkradio.com,Male,67,57
277,Xenos,Wrack,xwrack7o@usa.gov,Male,84,37
278,Skipper,Sabben,ssabben7p@w3.org,Male,89,17
279,Kathi,Learmount,klearmount7q@g.co,Female,58,3
280,Anthony,Aulton,aaulton7r@washingtonpost.com,Male,47,1
281,Kristoffer,Domerq,kdomerq7s@cafepress.com,Male,97,26
282,Berti,Nazair,bnazair7t@nasa.gov,Female,48,29
283,Kin,Henzer,khenzer7u@reuters.com,Male,100,62
284,Johnny,McCoole,jmccoole7v@home.pl,Male,69,70
285,Bidget,Pimer,bpimer7w@state.tx.us,Female,89,59
286,Pamelina,Palser,ppalser7x@amazon.com,Female,79,44
287,Lucio,McMinn,lmcminn7y@fc2.com,Male,100,13
288,Dania,Nolleth,dnolleth7z@w3.org,Female,23,67
289,Collin,Knowlton,cknowlton80@springer.com,Male,53,9
290,Thurston,Gibbard,tgibbard81@jigsy.com,Male,96,47
291,Piggy,Fearnley,pfearnley82@hc360.com,Male,27,50
292,Sophia,Caig,scaig83@usatoday.com,Female,69,70
293,Kizzee,Vatini,kvatini84@surveymonkey.com,Female,38,7
294,Darlene,Dymott,ddymott85@engadget.com,Female,53,38
295,Louella,Eckery,leckery86@senate.gov,Female,78,1
296,Terza,Flaunier,tflaunier87@harvard.edu,Female,83,70
297,Morganica,Cabrara,mcabrara88@cpanel.net,Female,26,36
298,Cristina,Guynemer,cguynemer89@google.ca,Female,25,24
299,Cash,Plunket,cplunket8a@t-online.de,Male,38,48
300,Ines,Bortolotti,ibortolotti8b@vkontakte.ru,Female,86,54
301,Quintus,Studdert,qstuddert8c@elpais.com,Male,58,40
302,Almeda,Calcutt,acalcutt8d@xinhuanet.com,Female,71,25
303,Ulla,Saldler,usaldler8e@tumblr.com,Female,64,17
304,Margaux,Bellow,mbellow8f@themeforest.net,Female,72,70
305,Malanie,Faulkener,mfaulkener8g@webmd.com,Female,75,56
306,Adriana,Ablitt,aablitt8h@yandex.ru,Female,47,66
307,Kristel,June,kjune8i@reference.com,Female,41,58
308,Lorens,Heyburn,lheyburn8j@behance.net,Male,39,14
309,Dian,Krysiak,dkrysiak8k@psu.edu,Female,69,30
310,Ives,Gretham,igretham8l@apple.com,Male,33,8
311,Nedda,Greenroyd,ngreenroyd8m@gravatar.com,Female,65,67
312,Forster,Phizakarley,fphizakarley8n@loc.gov,Male,53,44
313,Cecilio,Windle,cwindle8o@reddit.com,Male,53,22
314,Reine,Stainsby,rstainsby8p@narod.ru,Female,85,68
315,Cesar,Broke,cbroke8q@dmoz.org,Male,66,9
316,Flory,Thamelt,fthamelt8r@canalblog.com,Male,38,46
317,Israel,Allder,iallder8s@techcrunch.com,Male,23,22
318,Eleen,Vogel,evogel8t@4shared.com,Female,85,17
319,Prudence,Dayley,pdayley8u@t.co,Female,26,69
320,Rhetta,Basili,rbasili8v@usa.gov,Female,71,23
321,Bram,Jeannenet,bjeannenet8w@wix.com,Male,87,41
322,Elbertine,LAbbet,elabbet8x@youku.com,Female,75,69
323,Iormina,Anstey,ianstey8y@oaic.gov.au,Female,78,53
324,Wanda,Treneman,wtreneman8z@about.me,Female,24,11
325,Sybilla,Humphrey,shumphrey90@smh.com.au,Female,41,11
326,Philipa,Apthorpe,papthorpe91@intel.com,Female,98,67
327,Jud,Corbridge,jcorbridge92@time.com,Male,82,4
328,Ody,Mustard,omustard93@mail.ru,Male,43,17
329,Georgina,Bignold,gbignold94@bbb.org,Female,52,42
330,Cathe,Klemt,cklemt95@aol.com,Female,95,57
331,Bartolomeo,Baldung,bbaldung96@kickstarter.com,Male,97,50
332,Gregoor,McGavin,gmcgavin97@wsj.com,Male,74,2
333,Tatiania,Conechie,tconechie98@businesswire.com,Female,58,30
334,Stevy,Drinkeld,sdrinkeld99@irs.gov,Male,92,55
335,Helaine,Torricella,htorricella9a@smh.com.au,Female,72,62
336,Janka,Godridge,jgodridge9b@godaddy.com,Female,86,23
337,Gottfried,Obray,gobray9c@blog.com,Male,76,3
338,Marj,Carsey,mcarsey9d@w3.org,Female,91,55
339,Orren,Crumley,ocrumley9e@nydailynews.com,Male,23,55
340,Daphene,Treamayne,dtreamayne9f@dyndns.org,Female,52,38
341,Ayn,Learmount,alearmount9g@guardian.co.uk,Female,88,46
342,Igor,Mattiussi,imattiussi9h@blogspot.com,Male,65,62
343,Rutherford,Bolger,rbolger9i@sitemeter.com,Male,80,26
344,Wilek,Chritchley,wchritchley9j@virginia.edu,Male,87,56
345,Ardenia,Leirmonth,aleirmonth9k@themeforest.net,Female,68,30
346,Lizzy,Janosevic,ljanosevic9l@go.com,Female,100,34
347,May,Faustin,mfaustin9m@smh.com.au,Female,66,5
348,Annnora,Christensen,achristensen9n@livejournal.com,Female,34,63
349,Brittne,Chomley,bchomley9o@surveymonkey.com,Female,67,15
350,Rena,Levicount,rlevicount9p@trellian.com,Female,43,19
351,Lorne,Polon,lpolon9q@howstuffworks.com,Female,42,1
352,Lurette,Shaves,lshaves9r@artisteer.com,Female,95,11
353,Jessamyn,Groll,jgroll9s@census.gov,Female,39,24
354,Adele,Lightman,alightman9t@spotify.com,Female,67,28
355,Vladimir,Skidmore,vskidmore9u@hexun.com,Male,39,9
356,Layton,Oliveti,loliveti9v@sun.com,Male,79,60
357,Mada,Audiss,maudiss9w@goo.gl,Female,38,67
358,Pernell,Jaquemar,pjaquemar9x@mac.com,Male,66,34
359,Alexio,Doubleday,adoubleday9y@edublogs.org,Male,47,61
360,Wrennie,Peggs,wpeggs9z@lulu.com,Female,88,42
361,Winnah,Livett,wlivetta0@alexa.com,Female,26,19
362,Davidson,Issard,dissarda1@sciencedirect.com,Male,65,67
363,Moria,Readings,mreadingsa2@ox.ac.uk,Female,73,23
364,Tisha,Meatcher,tmeatchera3@ed.gov,Female,42,4
365,Al,Tuttle,atuttlea4@imgur.com,Male,98,43
366,Nathan,Shemilt,nshemilta5@pinterest.com,Male,20,27
367,Vern,Tinmouth,vtinmoutha6@usa.gov,Male,66,36
368,Fionnula,Houlson,fhoulsona7@is.gd,Female,24,12
369,Izak,Hallatt,ihallatta8@marketwatch.com,Male,68,44
370,Natividad,MacCard,nmaccarda9@cam.ac.uk,Female,66,59
371,Francklyn,Shambrook,fshambrookaa@toplist.cz,Male,81,55
372,Genvieve,Walley,gwalleyab@xing.com,Female,34,60
373,Morten,Alleway,mallewayac@aol.com,Male,68,22
374,Anne-marie,Allcorn,aallcornad@sakura.ne.jp,Female,38,49
375,Row,Tocknell,rtocknellae@purevolume.com,Female,90,46
376,Dasie,Calley,dcalleyaf@rediff.com,Female,37,17
377,Stevie,Hinrich,shinrichag@example.com,Male,68,40
378,Teddie,Newis,tnewisah@nps.gov,Female,51,24
379,Kessiah,Janssens,kjanssensai@auda.org.au,Female,77,10
380,Lind,Totton,ltottonaj@earthlink.net,Male,91,69
381,Sarah,Heers,sheersak@washington.edu,Female,84,40
382,Nonnah,Twaite,ntwaiteal@biglobe.ne.jp,Female,77,32
383,Athene,Yesinov,ayesinovam@usda.gov,Female,32,62
384,Yasmeen,Dunan,ydunanan@clickbank.net,Female,97,67
385,Halley,Boulds,hbouldsao@noaa.gov,Female,25,25
386,Ferdie,Syplus,fsyplusap@ning.com,Male,20,36
387,Stacia,Teale,stealeaq@cnbc.com,Female,41,62
388,Dewain,McGibbon,dmcgibbonar@wsj.com,Male,29,55
389,Corey,Branni,cbrannias@edublogs.org,Male,95,32
390,Mirabel,Gallop,mgallopat@meetup.com,Female,86,67
391,Veronika,Stockton,vstocktonau@livejournal.com,Female,57,56
392,Umberto,Strickler,ustricklerav@freewebs.com,Male,81,47
393,Audra,Beaton,abeatonaw@jalbum.net,Female,69,68
394,Flory,Biagini,fbiaginiax@google.pl,Female,25,2
395,Yvor,Moth,ymothay@arizona.edu,Male,31,27
396,Annora,Kemmet,akemmetaz@indiegogo.com,Female,95,35
397,Chrisy,Rigardeau,crigardeaub0@a8.net,Male,24,12
398,Aubert,Gathwaite,agathwaiteb1@elegantthemes.com,Male,91,5
399,Haroun,Cund,hcundb2@joomla.org,Male,100,2
400,Ricard,Levick,rlevickb3@rambler.ru,Male,76,59
401,Barton,Bedo,bbedob4@unicef.org,Male,83,27
402,Rosanna,Ferreras,rferrerasb5@accuweather.com,Female,66,57
403,Stephi,Hakey,shakeyb6@pagesperso-orange.fr,Female,42,55
404,Maisie,Frift,mfriftb7@clickbank.net,Female,22,53
405,Ulrica,Gives,ugivesb8@plala.or.jp,Female,49,61
406,Sigismondo,Skepper,sskepperb9@admin.ch,Male,61,3
407,Gerri,Revens,grevensba@java.com,Female,24,48
408,Tiena,Yerlett,tyerlettbb@hostgator.com,Female,74,58
409,Frederich,deKnevet,fdeknevetbc@macromedia.com,Male,58,7
410,Whitby,Milius,wmiliusbd@lulu.com,Male,75,48
411,Sarena,Voisey,svoiseybe@clickbank.net,Female,31,61
412,Merralee,Ragge,mraggebf@4shared.com,Female,72,48
413,Wald,Lukock,wlukockbg@hexun.com,Male,43,5
414,Mozelle,Edgars,medgarsbh@google.co.uk,Female,37,4
415,Gibb,Borles,gborlesbi@statcounter.com,Male,100,31
416,Cirilo,Ducarne,cducarnebj@cloudflare.com,Male,34,10
417,Iggy,Saltsberg,isaltsbergbk@storify.com,Male,26,67
418,Adel,Flew,aflewbl@sciencedaily.com,Female,83,47
419,Catriona,Blackah,cblackahbm@guardian.co.uk,Female,52,4
420,Prince,Lapides,plapidesbn@webmd.com,Male,86,68
421,Theodosia,Reidie,treidiebo@wordpress.org,Female,56,66
422,Tommie,Hatchard,thatchardbp@phpbb.com,Male,57,38
423,Tyson,Sponer,tsponerbq@nydailynews.com,Male,22,5
424,Dianne,Abotson,dabotsonbr@shop-pro.jp,Female,59,48
425,Codie,Leavesley,cleavesleybs@clickbank.net,Male,34,35
426,My,Brearton,mbreartonbt@webeden.co.uk,Male,41,4
427,Darcy,Pawley,dpawleybu@hp.com,Male,62,4
428,Elsworth,Riccard,ericcardbv@moonfruit.com,Male,38,37
429,Annis,Tolwood,atolwoodbw@hatena.ne.jp,Female,95,28
430,Berne,Graeme,bgraemebx@cisco.com,Male,81,51
431,Britteny,Cristofor,bcristoforby@apache.org,Female,29,29
432,Bobbee,Sorrill,bsorrillbz@google.com.au,Female,26,18
433,Darell,Alti,daltic0@sakura.ne.jp,Female,44,22
434,Angeline,Millott,amillottc1@psu.edu,Female,72,2
435,Gerry,Gerling,ggerlingc2@stanford.edu,Female,60,14
436,Sergio,Brunetti,sbrunettic3@sfgate.com,Male,90,20
437,Baron,Cumo,bcumoc4@cdc.gov,Male,30,32
438,Gillian,Murton,gmurtonc5@vistaprint.com,Female,95,30
439,Patty,Outhwaite,pouthwaitec6@opensource.org,Female,49,42
440,Harry,Mant,hmantc7@ezinearticles.com,Male,59,32
441,Elton,Longmead,elongmeadc8@bloglovin.com,Male,40,44
442,Theresa,McGenn,tmcgennc9@europa.eu,Female,33,56
443,Iggie,Steventon,isteventonca@rakuten.co.jp,Male,22,48
444,Teodorico,McTrustey,tmctrusteycb@constantcontact.com,Male,27,5
445,Trixy,Littrell,tlittrellcc@trellian.com,Female,96,25
446,Ham,Glendza,hglendzacd@fda.gov,Male,23,10
447,Ermengarde,Hurche,ehurchece@nationalgeographic.com,Female,72,68
448,Winna,Lorman,wlormancf@hostgator.com,Female,37,16
449,Emmanuel,Everingham,eeveringhamcg@wiley.com,Male,70,47
450,Micah,Tomasian,mtomasianch@nyu.edu,Male,34,11
451,Antonia,Brunton,abruntonci@cloudflare.com,Female,81,65
452,Jefferey,Kneale,jknealecj@weebly.com,Male,96,54
453,Zack,Shermore,zshermoreck@ted.com,Male,83,35
454,Mandie,Lindenbluth,mlindenbluthcl@wordpress.com,Female,53,1
455,Tanney,Rays,trayscm@samsung.com,Male,95,43
456,Sascha,Cawston,scawstoncn@google.ca,Male,73,49
457,Zachary,Cano,zcanoco@soundcloud.com,Male,78,60
458,Sibyl,Goter,sgotercp@archive.org,Female,35,0
459,Virgilio,Glauber,vglaubercq@time.com,Male,61,24
460,Gerladina,Meneyer,gmeneyercr@icio.us,Female,43,39
461,Land,Scutchin,lscutchincs@wikispaces.com,Male,40,11
462,Vitia,Djokic,vdjokicct@indiegogo.com,Female,63,3
463,Ursuline,Causby,ucausbycu@google.de,Female,89,60
464,Lela,Kenney,lkenneycv@yolasite.com,Female,88,6
465,Mollie,Foy,mfoycw@bbb.org,Female,100,67
466,Michel,Parsonson,mparsonsoncx@jigsy.com,Male,25,24
467,Gordon,Wrightem,gwrightemcy@cornell.edu,Male,43,12
468,Park,Puddan,ppuddancz@creativecommons.org,Male,87,10
469,Myca,Petters,mpettersd0@free.fr,Male,41,63
470,Steffie,Memory,smemoryd1@fc2.com,Female,69,53
471,Pasquale,Kunisch,pkunischd2@dedecms.com,Male,82,62
472,Alley,Dowdell,adowdelld3@nationalgeographic.com,Male,21,57
473,Lou,Huggett,lhuggettd4@wired.com,Female,87,58
474,Leontine,Rainbow,lrainbowd5@oracle.com,Female,62,44
475,Bradford,Somner,bsomnerd6@multiply.com,Male,84,65
476,Sunshine,Pay,spayd7@craigslist.org,Female,89,54
477,Melinda,Rawdall,mrawdalld8@merriam-webster.com,Female,47,17
478,Aymer,Van de Velde,avandevelded9@blogger.com,Male,91,69
479,Meris,Cosslett,mcosslettda@multiply.com,Female,45,11
480,Leonard,Wadworth,lwadworthdb@state.gov,Male,44,21
481,Linzy,Fellman,lfellmandc@miitbeian.gov.cn,Female,30,52
482,Morrie,Sinclar,msinclardd@nba.com,Male,92,15
483,Brigida,Gebhard,bgebhardde@deviantart.com,Female,82,26
484,Merrill,Warde,mwardedf@canalblog.com,Male,26,67
485,Larissa,Rapo,lrapodg@rediff.com,Female,35,14
486,Roderigo,Ducrow,rducrowdh@shop-pro.jp,Male,84,60
487,Veronique,Salmond,vsalmonddi@bbb.org,Female,84,63
488,Karena,Hutcheson,khutchesondj@zimbio.com,Female,21,46
489,Janka,Tippell,jtippelldk@wiley.com,Female,90,68
490,Tawsha,Errington,terringtondl@printfriendly.com,Female,76,44
491,Zara,Codlin,zcodlindm@seesaa.net,Female,46,18
492,Mace,Hasslocher,mhasslocherdn@time.com,Male,30,58
493,Lester,Wellard,lwellarddo@360.cn,Male,26,4
494,Cornela,Maier,cmaierdp@forbes.com,Female,49,70
495,Reuben,Mishow,rmishowdq@globo.com,Male,83,25
496,Auroora,Hurrion,ahurriondr@themeforest.net,Female,79,19
497,Terrell,Bubbear,tbubbeards@earthlink.net,Male,31,40
498,Fionna,Whittlesee,fwhittleseedt@alibaba.com,Female,87,69
499,Toni,Drohan,tdrohandu@wired.com,Female,51,42
500,Carma,Donavan,cdonavandv@answers.com,Female,43,45
501,Val,Melling,vmellingdw@technorati.com,Female,73,25
502,Kissie,Flament,kflamentdx@ftc.gov,Female,48,33
503,Tyrus,McWilliams,tmcwilliamsdy@myspace.com,Male,21,58
504,Madonna,Orrell,morrelldz@hibu.com,Female,78,70
505,Powell,Bendall,pbendalle0@ebay.co.uk,Male,62,42
506,Micaela,Ivanisov,mivanisove1@icio.us,Female,47,35
507,Lucio,Cozzi,lcozzie2@zimbio.com,Male,82,68
508,Kippy,Donson,kdonsone3@yale.edu,Male,67,19
509,Korella,McRobb,kmcrobbe4@businessinsider.com,Female,68,48
510,Kylie,Schurcke,kschurckee5@booking.com,Male,81,64
511,Virge,Brunner,vbrunnere6@springer.com,Male,75,60
512,Nicolai,Grimes,ngrimese7@google.com.hk,Male,99,8
513,Ingeberg,Emeney,iemeneye8@fc2.com,Female,86,69
514,Alphonse,Mitchley,amitchleye9@photobucket.com,Male,97,49
515,Wallache,Stormonth,wstormonthea@ycombinator.com,Male,51,50
516,Casie,Carletti,ccarlettieb@devhub.com,Female,60,36
517,Drusie,Gauler,dgaulerec@deviantart.com,Female,43,3
518,Richy,Causnett,rcausnetted@dropbox.com,Male,53,0
519,Cristabel,De Rechter,cderechteree@cloudflare.com,Female,73,58
520,Kayla,Paulat,kpaulatef@dropbox.com,Female,100,27
521,Tracey,Piffe,tpiffeeg@abc.net.au,Male,69,4
522,Kyle,Caves,kcaveseh@t-online.de,Female,28,31
523,Burnaby,Wicken,bwickenei@fastcompany.com,Male,70,1
524,Tasha,Bolan,tbolanej@home.pl,Female,52,14
525,Roland,Moquin,rmoquinek@jigsy.com,Male,89,39
526,Danna,Search,dsearchel@surveymonkey.com,Female,26,39
527,Kyle,Waggett,kwaggettem@symantec.com,Female,20,63
528,Collin,Croke,ccrokeen@cocolog-nifty.com,Male,70,29
529,Zelma,Concannon,zconcannoneo@who.int,Female,99,49
530,Eula,Sykora,esykoraep@epa.gov,Female,92,13
531,Jobie,Loadsman,jloadsmaneq@microsoft.com,Female,81,52
532,Israel,Fieldsend,ifieldsender@tmall.com,Male,61,36
533,Thomasine,Cutill,tcutilles@yahoo.com,Female,53,61
534,Balduin,Merrett,bmerrettet@va.gov,Male,41,65
535,Chrystal,Goseling,cgoselingeu@booking.com,Female,94,64
536,Rickert,Littlejohn,rlittlejohnev@weebly.com,Male,50,38
537,Iggy,Newbigging,inewbiggingew@vk.com,Male,80,3
538,Stacie,Marcham,smarchamex@ft.com,Female,98,46
539,Trumann,Cunnell,tcunnelley@dagondesign.com,Male,59,27
540,Dalli,Winn,dwinnez@fc2.com,Male,88,67
541,Joshua,Vaud,jvaudf0@businessweek.com,Male,89,1
542,Donnie,Hounihan,dhounihanf1@psu.edu,Male,81,45
543,Horatia,MacSherry,hmacsherryf2@rakuten.co.jp,Female,20,14
544,Marvin,Farryan,mfarryanf3@scientificamerican.com,Male,23,16
545,Florentia,Belbin,fbelbinf4@redcross.org,Female,65,49
546,Cliff,Poulter,cpoulterf5@symantec.com,Male,55,17
547,Keefe,Bloodworthe,kbloodworthef6@mashable.com,Male,63,3
548,Lion,Pybworth,lpybworthf7@upenn.edu,Male,63,2
549,Joey,McGruar,jmcgruarf8@i2i.jp,Male,69,13
550,Antin,Kopps,akoppsf9@discuz.net,Male,50,32
551,Tabby,Croydon,tcroydonfa@imageshack.us,Male,74,18
552,Tuesday,Coneybeare,tconeybearefb@virginia.edu,Female,46,54
553,Vite,Bulstrode,vbulstrodefc@miibeian.gov.cn,Male,47,42
554,Gerome,Spikins,gspikinsfd@whitehouse.gov,Male,79,70
555,Ronald,Kilmister,rkilmisterfe@google.pl,Male,59,0
556,Rowney,Durant,rdurantff@desdev.cn,Male,72,48
557,Welsh,Mottershead,wmottersheadfg@bandcamp.com,Male,81,11
558,Jyoti,Leggott,jleggottfh@alexa.com,Female,22,36
559,Gorden,Ucceli,guccelifi@angelfire.com,Male,97,44
560,Nealon,Ollarenshaw,nollarenshawfj@hugedomains.com,Male,80,48
561,Alexandros,Turrill,aturrillfk@abc.net.au,Male,25,67
562,Koenraad,Thiolier,kthiolierfl@unblog.fr,Male,55,61
563,Blakelee,Seadon,bseadonfm@prnewswire.com,Female,47,24
564,Andonis,Downing,adowningfn@360.cn,Male,55,1
565,Temp,Bartaletti,tbartalettifo@e-recht24.de,Male,51,25
566,Nickie,Clausen,nclausenfp@ebay.co.uk,Female,98,22
567,Chicky,Greader,cgreaderfq@mysql.com,Male,59,32
568,Minne,Tresise,mtresisefr@storify.com,Female,35,23
569,Matilde,Doleman,mdolemanfs@qq.com,Female,32,55
570,Chev,Lamond,clamondft@youtube.com,Male,100,22
571,Mic,McGurn,mmcgurnfu@unc.edu,Male,82,45
572,Rurik,Couvet,rcouvetfv@pagesperso-orange.fr,Male,71,52
573,Micheline,Hobben,mhobbenfw@parallels.com,Female,99,37
574,Derron,Gellately,dgellatelyfx@devhub.com,Male,68,43
575,Vinni,Rudham,vrudhamfy@nymag.com,Female,45,47
576,Natasha,Baistow,nbaistowfz@photobucket.com,Female,77,8
577,Roi,Edden,reddeng0@virginia.edu,Male,50,28
578,Kirbee,De Avenell,kdeavenellg1@nhs.uk,Female,98,18
579,Katey,Phettis,kphettisg2@webs.com,Female,86,25
580,Vilma,Ramelet,vrameletg3@cafepress.com,Female,84,68
581,Deni,Normanville,dnormanvilleg4@cnet.com,Female,49,44
582,Humberto,Greenaway,hgreenawayg5@multiply.com,Male,59,52
583,Llewellyn,Altamirano,laltamiranog6@ameblo.jp,Male,98,49
584,Cedric,Clementet,cclementetg7@hc360.com,Male,27,21
585,Mariel,Claypole,mclaypoleg8@foxnews.com,Female,65,20
586,Brandon,Tilly,btillyg9@imdb.com,Male,81,7
587,Gregorius,Gabbett,ggabbettga@springer.com,Male,63,50
588,Law,McWhorter,lmcwhortergb@bravesites.com,Male,25,33
589,Cassy,Cluderay,ccluderaygc@networkadvertising.org,Female,20,31
590,Mischa,Ardern,marderngd@wikimedia.org,Male,83,25
591,Gale,Aizlewood,gaizlewoodge@ucoz.com,Male,44,49
592,Ellissa,Drohun,edrohungf@census.gov,Female,67,1
593,Odelle,Laird-Craig,olairdcraiggg@wisc.edu,Female,37,62
594,Patty,Poxson,ppoxsongh@twitter.com,Male,75,56
595,Katlin,Collyer,kcollyergi@chronoengine.com,Female,67,50
596,Edita,Sawter,esawtergj@imgur.com,Female,39,22
597,Frants,Royl,froylgk@altervista.org,Male,81,66
598,Lilian,Tonge,ltongegl@nytimes.com,Female,71,1
599,Rona,Gurdon,rgurdongm@gov.uk,Female,36,70
600,Pierce,Alderwick,palderwickgn@unicef.org,Male,30,1
601,Dion,Eustes,deustesgo@sciencedirect.com,Female,93,5
602,Laird,Lamming,llamminggp@tinypic.com,Male,76,27
603,Mathian,Southey,msoutheygq@tripadvisor.com,Male,86,41
604,Tully,Blundon,tblundongr@sciencedaily.com,Male,52,59
605,Vanya,Lewsy,vlewsygs@nhs.uk,Male,20,68
606,Margette,Elden,meldengt@google.fr,Female,36,49
607,Ally,Huckster,ahuckstergu@marketwatch.com,Female,61,11
608,Saxon,Haverty,shavertygv@odnoklassniki.ru,Male,31,26
609,Sylvan,Bowskill,sbowskillgw@scribd.com,Male,93,32
610,Ferguson,Skully,fskullygx@weebly.com,Male,39,65
611,Marten,Lockley,mlockleygy@youku.com,Male,83,31
612,Rosa,Fellos,rfellosgz@hud.gov,Female,58,6
613,Gerda,Girardeau,ggirardeauh0@wikimedia.org,Female,88,7
614,Wat,Bollini,wbollinih1@yahoo.co.jp,Male,74,30
615,Ashely,Iianon,aiianonh2@xing.com,Female,82,14
616,Tasha,Clarey,tclareyh3@sciencedaily.com,Female,91,69
617,Joela,Mordecai,jmordecaih4@harvard.edu,Female,26,43
618,Park,Gilpillan,pgilpillanh5@merriam-webster.com,Male,27,64
619,Amelita,Shird,ashirdh6@tmall.com,Female,88,37
620,Oswald,Choke,ochokeh7@mozilla.com,Male,96,1
621,Ronalda,Lewtey,rlewteyh8@soundcloud.com,Female,66,37
622,Kaine,Thompson,kthompsonh9@dyndns.org,Male,29,38
623,Konrad,Duffyn,kduffynha@photobucket.com,Male,88,16
624,Lauri,Burel,lburelhb@nytimes.com,Female,40,64
625,Hyman,Maybury,hmayburyhc@networksolutions.com,Male,26,45
626,Caz,Joselevitch,cjoselevitchhd@rediff.com,Male,51,14
627,Bertie,Aleshkov,baleshkovhe@amazon.co.uk,Female,28,35
628,Nollie,Pilmore,npilmorehf@oakley.com,Female,45,40
629,Kevan,Maken,kmakenhg@hexun.com,Male,38,43
630,Evangeline,Gorch,egorchhh@utexas.edu,Female,29,30
631,Austin,Chartres,achartreshi@wordpress.com,Female,25,9
632,Leese,Benoi,lbenoihj@disqus.com,Female,57,29
633,Terri,Predohl,tpredohlhk@wunderground.com,Female,25,37
634,Ediva,Deery,edeeryhl@hhs.gov,Female,61,17
635,Pepillo,Paireman,ppairemanhm@mapy.cz,Male,29,39
636,Kristina,Arlott,karlotthn@paypal.com,Female,95,63
637,Chickie,Cato,ccatoho@dmoz.org,Male,59,14
638,Sib,Tatnell,statnellhp@imgur.com,Female,87,63
639,Rancell,Coffey,rcoffeyhq@statcounter.com,Male,22,0
640,Bartram,Hartington,bhartingtonhr@spiegel.de,Male,92,22
641,Raphaela,Vaugham,rvaughamhs@state.gov,Female,61,18
642,Andreas,Maeer,amaeerht@nsw.gov.au,Male,100,41
643,Hayes,Ende,hendehu@hostgator.com,Male,47,20
644,Aloysius,Wandrack,awandrackhv@free.fr,Male,43,11
645,Nicole,Paschek,npaschekhw@weebly.com,Female,72,49
646,Domeniga,Bortolussi,dbortolussihx@taobao.com,Female,46,10
647,Tully,Dalziel,tdalzielhy@loc.gov,Male,44,33
648,Emmalee,Laurenceau,elaurenceauhz@cocolog-nifty.com,Female,21,6
649,Carmon,Mancer,cmanceri0@buzzfeed.com,Female,32,22
650,Washington,Overstone,woverstonei1@scientificamerican.com,Male,71,18
651,Ashlen,Hazelhurst,ahazelhursti2@wunderground.com,Female,90,11
652,Cordy,Camber,ccamberi3@hp.com,Female,63,7
653,Rennie,Devlin,rdevlini4@europa.eu,Female,33,61
654,Cyndi,Brisbane,cbrisbanei5@cbc.ca,Female,82,66
655,Stewart,Halgarth,shalgarthi6@dailymail.co.uk,Male,57,14
656,Kirbee,Bellward,kbellwardi7@ehow.com,Female,22,3
657,Errol,Merrill,emerrilli8@newyorker.com,Male,76,4
658,Cinda,Freen,cfreeni9@home.pl,Female,75,9
659,Colman,Laughnan,claughnania@chicagotribune.com,Male,43,61
660,Asher,Frediani,afredianiib@yolasite.com,Male,33,63
661,Ingelbert,Mew,imewic@baidu.com,Male,80,30
662,Ryun,Skin,rskinid@jigsy.com,Male,33,50
663,Baldwin,Jakubski,bjakubskiie@1und1.de,Male,94,36
664,Brant,Itzchaky,bitzchakyif@abc.net.au,Male,76,41
665,Yule,Ridsdell,yridsdellig@census.gov,Male,91,47
666,Aurel,Ashwood,aashwoodih@privacy.gov.au,Female,52,44
667,Onida,Carek,ocarekii@hubpages.com,Female,34,32
668,Tan,Lamplough,tlamploughij@lulu.com,Male,43,25
669,Leonidas,Mortlock,lmortlockik@linkedin.com,Male,29,29
670,Margi,Stenet,mstenetil@jugem.jp,Female,90,33
671,Vale,Bellham,vbellhamim@slideshare.net,Male,86,44
672,Deana,Maggorini,dmaggoriniin@statcounter.com,Female,32,21
673,Clive,Dahmel,cdahmelio@clickbank.net,Male,66,50
674,Pia,Tongs,ptongsip@biglobe.ne.jp,Female,33,8
675,Reggie,Aspenlon,raspenloniq@bigcartel.com,Male,76,27
676,Jere,Pidgen,jpidgenir@sphinn.com,Female,94,18
677,Judi,Du Hamel,jduhamelis@is.gd,Female,67,61
678,Jory,Lorain,jlorainit@nih.gov,Male,67,46
679,Felecia,Osmund,fosmundiu@weibo.com,Female,21,6
680,Layne,O'Corrane,locorraneiv@blogs.com,Female,78,39
681,Florri,Collister,fcollisteriw@bravesites.com,Female,60,48
682,Roosevelt,Lambdon,rlambdonix@topsy.com,Male,98,50
683,Susanetta,Plose,sploseiy@people.com.cn,Female,99,46
684,Reginauld,Gannicleff,rgannicleffiz@businessweek.com,Male,94,13
685,Jaime,Eggins,jegginsj0@hao123.com,Female,90,32
686,Meridel,Baselli,mbasellij1@bing.com,Female,26,15
687,Donny,Moodey,dmoodeyj2@bloomberg.com,Male,22,45
688,Teena,Lugton,tlugtonj3@princeton.edu,Female,91,34
689,Meaghan,Malkin,mmalkinj4@who.int,Female,21,58
690,Fredric,Ruecastle,fruecastlej5@newsvine.com,Male,50,11
691,Talia,Vanyashin,tvanyashinj6@prnewswire.com,Female,39,50
692,Abby,Danit,adanitj7@miibeian.gov.cn,Male,35,13
693,Sauveur,Shillabear,sshillabearj8@google.cn,Male,48,47
694,Colet,Geipel,cgeipelj9@home.pl,Male,41,37
695,Jeralee,Elvin,jelvinja@msn.com,Female,82,62
696,Tish,Sitch,tsitchjb@goodreads.com,Female,29,34
697,Dominica,Kiera,dkierajc@mayoclinic.com,Female,85,65
698,Thayne,Grumble,tgrumblejd@google.es,Male,66,5
699,Mayne,Camies,mcamiesje@ihg.com,Male,83,51
700,Aida,Pexton,apextonjf@goo.gl,Female,54,34
701,Jefferson,Paz,jpazjg@ovh.net,Male,27,20
702,Cosmo,Coorington,ccooringtonjh@uol.com.br,Male,27,20
703,Margaretha,Carrack,mcarrackji@thetimes.co.uk,Female,98,0
704,Gabriele,Emmanuele,gemmanuelejj@pbs.org,Male,66,0
705,Amandy,Riddle,ariddlejk@usa.gov,Female,99,35
706,Krispin,Hugonnet,khugonnetjl@mysql.com,Male,25,13
707,Mirabel,Mabbitt,mmabbittjm@usatoday.com,Female,43,42
708,Herve,Shearsby,hshearsbyjn@purevolume.com,Male,60,9
709,Coleman,Padbury,cpadburyjo@naver.com,Male,62,66
710,Judye,Dullingham,jdullinghamjp@un.org,Female,27,32
711,Ali,Eilhersen,aeilhersenjq@cam.ac.uk,Male,57,1
712,Aharon,Craigie,acraigiejr@acquirethisname.com,Male,44,46
713,Basilius,Masson,bmassonjs@epa.gov,Male,46,7
714,Frieda,Courtin,fcourtinjt@vimeo.com,Female,90,44
715,Rakel,Turbefield,rturbefieldju@census.gov,Female,94,29
716,Joyan,Glasman,jglasmanjv@pcworld.com,Female,25,41
717,Ardelle,Orhrt,aorhrtjw@fda.gov,Female,70,54
718,Hubie,Breslau,hbreslaujx@va.gov,Male,28,23
719,Raddie,Lynn,rlynnjy@over-blog.com,Male,27,40
720,Remington,Sowrey,rsowreyjz@salon.com,Male,63,5
721,Jasmine,Wolfendale,jwolfendalek0@eepurl.com,Female,75,3
722,Dorisa,Lutman,dlutmank1@cdc.gov,Female,96,69
723,Verge,Tames,vtamesk2@hud.gov,Male,37,37
724,Shell,Agass,sagassk3@twitpic.com,Male,32,29
725,Uriel,Travis,utravisk4@yahoo.co.jp,Male,38,28
726,Kiel,Etienne,ketiennek5@ucla.edu,Male,87,54
727,Virgil,Stedson,vstedsonk6@chicagotribune.com,Male,76,68
728,Mollie,Viccars,mviccarsk7@sohu.com,Female,38,17
729,Jackie,Allum,jallumk8@163.com,Male,79,30
730,Euell,Filan,efilank9@wikispaces.com,Male,61,69
731,Fianna,Raspin,fraspinka@prlog.org,Female,56,19
732,Odell,Footer,ofooterkb@amazonaws.com,Male,78,35
733,Ann-marie,Brain,abrainkc@ca.gov,Female,45,50
734,Ursuline,Brownhall,ubrownhallkd@tiny.cc,Female,48,5
735,Alisa,Wantling,awantlingke@pbs.org,Female,36,2
736,Guinna,Priddie,gpriddiekf@ed.gov,Female,38,7
737,Haze,Claffey,hclaffeykg@businessinsider.com,Male,98,19
738,Dolph,Quincee,dquinceekh@miitbeian.gov.cn,Male,38,68
739,Harcourt,Flucks,hfluckski@miitbeian.gov.cn,Male,24,49
740,Angel,Blasli,ablaslikj@nature.com,Male,56,36
741,Cathe,Spittal,cspittalkk@pcworld.com,Female,83,51
742,Bordie,Dayce,bdaycekl@intel.com,Male,89,29
743,Lucian,Osburn,losburnkm@ftc.gov,Male,83,3
744,Dieter,Garforth,dgarforthkn@discuz.net,Male,57,42
745,Cull,Andreasen,candreasenko@tamu.edu,Male,75,4
746,Merla,Bemwell,mbemwellkp@craigslist.org,Female,53,27
747,Ebeneser,Kalinovich,ekalinovichkq@ted.com,Male,46,19
748,Alfons,Isenor,aisenorkr@flickr.com,Male,76,34
749,Vince,Ibotson,vibotsonks@webnode.com,Male,49,54
750,Trueman,Castro,tcastrokt@last.fm,Male,56,35
751,Ursula,Habben,uhabbenku@ox.ac.uk,Female,93,7
752,Selle,Bollam,sbollamkv@cpanel.net,Female,41,27
753,Baryram,Seiter,bseiterkw@abc.net.au,Male,51,1
754,Dodie,Gwioneth,dgwionethkx@reddit.com,Female,49,10
755,Genevieve,Thyng,gthyngky@hubpages.com,Female,47,45
756,Denys,Waliszek,dwaliszekkz@youtube.com,Male,24,7
757,Demeter,Revance,drevancel0@home.pl,Female,82,29
758,Rutter,Treher,rtreherl1@rambler.ru,Male,94,10
759,Emmi,Ibberson,eibbersonl2@lycos.com,Female,72,35
760,Milo,Ledingham,mledinghaml3@springer.com,Male,85,5
761,Kellen,Blagburn,kblagburnl4@netscape.com,Male,96,30
762,Gawen,Jellis,gjellisl5@ucoz.ru,Male,56,58
763,Ashton,Lomasney,alomasneyl6@nifty.com,Male,53,51
764,Katie,Ginnell,kginnelll7@amazon.com,Female,94,7
765,Dev,Heams,dheamsl8@about.me,Male,57,0
766,Findlay,Fattorini,ffattorinil9@bandcamp.com,Male,59,53
767,Dorolisa,Schlagman,dschlagmanla@bbc.co.uk,Female,68,68
768,Othilie,Eton,oetonlb@google.pl,Female,48,15
769,Monty,Bowness,mbownesslc@arizona.edu,Male,36,11
770,Gerty,Maddinon,gmaddinonld@sourceforge.net,Female,81,16
771,Hetty,Collidge,hcollidgele@globo.com,Female,34,65
772,Dawna,Duran,dduranlf@opensource.org,Female,57,23
773,Holt,Scrancher,hscrancherlg@uol.com.br,Male,95,17
774,Dannie,Stansell,dstanselllh@nba.com,Male,90,35
775,Kipp,Minihan,kminihanli@oakley.com,Female,49,22
776,Janos,Presnell,jpresnelllj@nationalgeographic.com,Male,50,39
777,Elli,Billingham,ebillinghamlk@sciencedirect.com,Female,90,65
778,Saraann,Ware,swarell@google.com.hk,Female,45,68
779,Giacomo,Bointon,gbointonlm@w3.org,Male,41,38
780,Adelle,Hackworth,ahackworthln@youtu.be,Female,55,38
781,Tobit,Gisbey,tgisbeylo@irs.gov,Male,47,5
782,Erinn,Hilley,ehilleylp@tripod.com,Female,88,24
783,Hana,Allerton,hallertonlq@sourceforge.net,Female,54,45
784,Lindsey,Mumbey,lmumbeylr@instagram.com,Male,36,37
785,Erich,Gildea,egildeals@imgur.com,Male,81,9
786,Charil,Caplen,ccaplenlt@yelp.com,Female,47,42
787,Aubree,Robins,arobinslu@cargocollective.com,Female,65,11
788,Killian,Phettis,kphettislv@barnesandnoble.com,Male,81,4
789,Tracie,Musterd,tmusterdlw@google.ru,Male,43,22
790,Mickie,Asson,massonlx@github.com,Female,74,4
791,Nobie,Tichelaar,ntichelaarly@163.com,Male,27,0
792,Jae,Scholcroft,jscholcroftlz@technorati.com,Male,88,63
793,Franklyn,Baress,fbaressm0@google.co.jp,Male,87,62
794,Chrysler,Piggens,cpiggensm1@issuu.com,Female,22,55
795,Lorinda,Swales,lswalesm2@jimdo.com,Female,56,11
796,Alric,Lauridsen,alauridsenm3@parallels.com,Male,88,4
797,Edy,Shurman,eshurmanm4@51.la,Female,81,22
798,Vinnie,Watson-Brown,vwatsonbrownm5@geocities.com,Female,45,48
799,Kelwin,Agostini,kagostinim6@merriam-webster.com,Male,47,61
800,Julio,Krolak,jkrolakm7@last.fm,Male,87,4
801,Merola,McGuane,mmcguanem8@earthlink.net,Female,32,3
802,Wilhelmine,Charman,wcharmanm9@godaddy.com,Female,30,47
803,Donny,Gyer,dgyerma@freewebs.com,Male,30,15
804,Adan,Fomichyov,afomichyovmb@bandcamp.com,Male,76,39
805,Julietta,Camous,jcamousmc@dailymotion.com,Female,87,34
806,Luisa,Santen,lsantenmd@studiopress.com,Female,33,47
807,Bren,Niblock,bniblockme@quantcast.com,Male,93,30
808,Kaiser,Blasl,kblaslmf@lulu.com,Male,97,53
809,Skylar,Kunes,skunesmg@sina.com.cn,Male,30,19
810,Everard,Belbin,ebelbinmh@purevolume.com,Male,62,34
811,Nicolea,Brumen,nbrumenmi@si.edu,Female,44,56
812,Georgine,Durman,gdurmanmj@youtube.com,Female,91,0
813,Westbrooke,Greville,wgrevillemk@flavors.me,Male,93,13
814,Rolf,Ganny,rgannyml@salon.com,Male,91,8
815,Debor,Rudolph,drudolphmm@oakley.com,Female,53,41
816,Betta,Eldin,beldinmn@php.net,Female,94,5
817,Clerc,Maccaig,cmaccaigmo@nyu.edu,Male,84,65
818,Adara,Montes,amontesmp@gmpg.org,Female,33,18
819,Harv,Jorioz,hjoriozmq@nature.com,Male,32,18
820,Chiquia,Melburg,cmelburgmr@jimdo.com,Female,66,47
821,Cori,Thresher,cthresherms@infoseek.co.jp,Female,23,59
822,Audre,Stanmore,astanmoremt@gov.uk,Female,43,49
823,Celesta,Morrill,cmorrillmu@pagesperso-orange.fr,Female,72,5
824,Adamo,Hatto,ahattomv@comsenz.com,Male,21,42
825,Luella,Arnold,larnoldmw@tripadvisor.com,Female,64,46
826,Zebadiah,Sand,zsandmx@princeton.edu,Male,27,6
827,Waiter,Glasard,wglasardmy@hhs.gov,Male,38,67
828,Phaedra,Cramp,pcrampmz@sbwire.com,Female,44,23
829,Claresta,Amoss,camossn0@abc.net.au,Female,76,55
830,Lucinda,MacVay,lmacvayn1@uiuc.edu,Female,28,36
831,Rolfe,Broadey,rbroadeyn2@cdbaby.com,Male,42,58
832,Terrance,Tender,ttendern3@csmonitor.com,Male,49,33
833,Hagan,Cacacie,hcacacien4@typepad.com,Male,27,31
834,Griff,Lanon,glanonn5@desdev.cn,Male,32,28
835,Fayette,Muggleston,fmugglestonn6@a8.net,Female,35,37
836,Eli,Tait,etaitn7@homestead.com,Male,73,13
837,Horatius,Tomankiewicz,htomankiewiczn8@blogtalkradio.com,Male,77,50
838,Isabelle,Minker,iminkern9@flavors.me,Female,73,7
839,Waldo,Kester,wkesterna@canalblog.com,Male,87,59
840,Gustavo,Fearnsides,gfearnsidesnb@discuz.net,Male,70,61
841,Eduino,Bernadzki,ebernadzkinc@google.cn,Male,75,61
842,Nolie,Jeanon,njeanonnd@webs.com,Female,98,8
843,Tamra,Rendell,trendellne@senate.gov,Female,98,50
844,Glen,Penritt,gpenrittnf@time.com,Male,23,45
845,Dael,Gammet,dgammetng@google.ca,Male,63,46
846,Giovanni,Harty,ghartynh@oracle.com,Male,69,65
847,Gus,Daingerfield,gdaingerfieldni@opera.com,Male,46,45
848,Allison,Van der Mark,avandermarknj@liveinternet.ru,Female,86,17
849,Ulric,Narey,unareynk@alibaba.com,Male,81,23
850,Jaquelyn,Collete,jcolletenl@instagram.com,Female,22,66
851,Ermina,Dargie,edargienm@yelp.com,Female,87,27
852,Charita,Lissandre,clissandrenn@spiegel.de,Female,46,36
853,Ambur,Normanvill,anormanvillno@moonfruit.com,Female,98,38
854,Ashlan,Enderlein,aenderleinnp@wikispaces.com,Female,82,8
855,Natty,Meates,nmeatesnq@xinhuanet.com,Male,74,31
856,Trula,Beevor,tbeevornr@miitbeian.gov.cn,Female,70,54
857,Gardiner,Crummy,gcrummyns@studiopress.com,Male,72,30
858,Reynolds,Trollope,rtrollopent@fc2.com,Male,60,36
859,Muhammad,Swanson,mswansonnu@sphinn.com,Male,59,26
860,Carleton,Lennarde,clennardenv@answers.com,Male,87,37
861,Rooney,Rubinek,rrubineknw@oaic.gov.au,Male,44,13
862,Micki,Brasener,mbrasenernx@dyndns.org,Female,72,13
863,Pebrook,Stellino,pstellinony@a8.net,Male,61,24
864,Hestia,Freiberg,hfreibergnz@cisco.com,Female,25,35
865,Benedicto,Mussington,bmussingtono0@delicious.com,Male,22,56
866,Travis,Ginni,tginnio1@smh.com.au,Male,56,23
867,Keefer,Blum,kblumo2@i2i.jp,Male,69,24
868,Thaine,Conibeer,tconibeero3@elpais.com,Male,51,29
869,Bo,Borsay,bborsayo4@nsw.gov.au,Male,42,66
870,Kristopher,Hellings,khellingso5@home.pl,Male,88,57
871,Elsbeth,Fassmann,efassmanno6@about.me,Female,34,48
872,Reider,Sharman,rsharmano7@spotify.com,Male,87,46
873,Kipper,Trapp,ktrappo8@surveymonkey.com,Male,95,9
874,Wolfie,Grigorini,wgrigorinio9@dedecms.com,Male,50,28
875,Faunie,Leuchars,fleucharsoa@slate.com,Female,59,31
876,Orelee,Stubbes,ostubbesob@theglobeandmail.com,Female,58,53
877,Cece,Hagstone,chagstoneoc@vk.com,Male,35,32
878,Renaud,Worsam,rworsamod@barnesandnoble.com,Male,42,15
879,Ira,Bisgrove,ibisgroveoe@imageshack.us,Female,81,54
880,Ynes,Lantiffe,ylantiffeof@apache.org,Female,91,16
881,Chevalier,Allderidge,callderidgeog@twitter.com,Male,45,4
882,Gay,MacKibbon,gmackibbonoh@ucoz.com,Female,45,13
883,Hy,McCarney,hmccarneyoi@nyu.edu,Male,28,11
884,Tabbi,Franzettoini,tfranzettoinioj@wikimedia.org,Female,84,0
885,Alexei,Housen,ahousenok@slashdot.org,Male,66,28
886,Timi,Danne,tdanneol@webmd.com,Female,98,65
887,Norbie,Keyzor,nkeyzorom@auda.org.au,Male,53,10
888,Rutherford,Setford,rsetfordon@aol.com,Male,99,30
889,Patsy,Issacof,pissacofoo@wunderground.com,Female,86,25
890,Druci,Pistol,dpistolop@friendfeed.com,Female,64,57
891,Helyn,Copyn,hcopynoq@jimdo.com,Female,32,48
892,Bernardo,Klezmski,bklezmskior@pagesperso-orange.fr,Male,88,17
893,Bendick,Paulazzi,bpaulazzios@github.com,Male,34,21
894,Karoly,Saurat,ksauratot@rediff.com,Male,53,42
895,Viola,Tomalin,vtomalinou@google.ca,Female,66,20
896,Kennith,Gunston,kgunstonov@odnoklassniki.ru,Male,50,29
897,Tessie,Itzchaky,titzchakyow@networksolutions.com,Female,20,20
898,Miranda,Szabo,mszaboox@psu.edu,Female,55,69
899,Elwin,Wombwell,ewombwelloy@europa.eu,Male,88,14
900,Kathleen,Straniero,kstranierooz@theguardian.com,Female,60,50
901,Aimee,Vedyashkin,avedyashkinp0@spiegel.de,Female,74,32
902,Augie,Heinzler,aheinzlerp1@examiner.com,Male,44,0
903,Ethan,Eaklee,eeakleep2@spiegel.de,Male,26,7
904,Daune,Sleigh,dsleighp3@newsvine.com,Female,68,54
905,Tedie,Letixier,tletixierp4@fema.gov,Male,56,60
906,Brynn,Surmeyers,bsurmeyersp5@umich.edu,Female,60,42
907,Sigmund,Merchant,smerchantp6@163.com,Male,32,70
908,Teddie,Vedishchev,tvedishchevp7@epa.gov,Female,31,30
909,Rourke,Spoerl,rspoerlp8@cbsnews.com,Male,32,67
910,Jerome,Ungaretti,jungarettip9@privacy.gov.au,Male,35,26
911,Haley,Escot,hescotpa@feedburner.com,Male,22,3
912,Omero,Toffanini,otoffaninipb@google.nl,Male,24,51
913,Nettie,Eddins,neddinspc@ftc.gov,Female,26,68
914,Riannon,Reglar,rreglarpd@biblegateway.com,Female,66,63
915,Angele,McGrath,amcgrathpe@alexa.com,Female,43,41
916,Dode,Brislan,dbrislanpf@dedecms.com,Female,41,50
917,Geoffrey,Picopp,gpicopppg@google.pl,Male,44,13
918,Oliviero,Jacketts,ojackettsph@goo.gl,Male,77,67
919,Eolanda,Berlin,eberlinpi@skype.com,Female,83,32
920,Clara,Freshwater,cfreshwaterpj@xrea.com,Female,48,5
921,Blake,Morritt,bmorrittpk@zdnet.com,Female,46,46
922,Emelina,Abdie,eabdiepl@taobao.com,Female,88,47
923,Dwayne,Fahy,dfahypm@mayoclinic.com,Male,48,6
924,Putnam,Neilus,pneiluspn@simplemachines.org,Male,87,29
925,Denyse,Tomlins,dtomlinspo@ft.com,Female,62,31
926,Farleigh,Hendrich,fhendrichpp@free.fr,Male,51,46
927,Daniela,Grady,dgradypq@youtu.be,Female,68,69
928,Bernarr,Riccardelli,briccardellipr@typepad.com,Male,52,70
929,Wendall,O'Hannen,wohannenps@chicagotribune.com,Male,90,44
930,Zondra,Orth,zorthpt@bloomberg.com,Female,83,60
931,Stanislaus,Lownsbrough,slownsbroughpu@harvard.edu,Male,67,58
932,Lelah,Ferry,lferrypv@mail.ru,Female,87,10
933,Abelard,Wick,awickpw@histats.com,Male,45,56
934,June,Trudgian,jtrudgianpx@trellian.com,Female,20,61
935,Webster,Gopsill,wgopsillpy@reddit.com,Male,98,70
936,Sammie,Dobbie,sdobbiepz@themeforest.net,Male,62,66
937,Abigail,Nardrup,anardrupq0@xrea.com,Female,83,67
938,Lana,Wintour,lwintourq1@mashable.com,Female,79,14
939,Garv,Abrehart,gabrehartq2@nbcnews.com,Male,92,54
940,Archer,Glashby,aglashbyq3@pen.io,Male,89,56
941,Timothy,Quin,tquinq4@businessweek.com,Male,98,17
942,Garek,Heinl,gheinlq5@sogou.com,Male,45,54
943,Darb,Honatsch,dhonatschq6@g.co,Female,86,38
944,Darius,Key,dkeyq7@creativecommons.org,Male,97,4
945,Nessy,Hendrichs,nhendrichsq8@ehow.com,Female,38,4
946,Maximilian,Barnshaw,mbarnshawq9@php.net,Male,43,61
947,Cinnamon,Iwanczyk,ciwanczykqa@printfriendly.com,Female,26,4
948,Daile,Pettisall,dpettisallqb@cdc.gov,Female,43,4
949,Fey,Ivushkin,fivushkinqc@addthis.com,Female,94,53
950,Hailee,Grisedale,hgrisedaleqd@e-recht24.de,Female,52,0
951,Cart,Beachem,cbeachemqe@t.co,Male,56,34
952,Kimberlyn,Lawlie,klawlieqf@1und1.de,Female,33,60
953,Amery,Wantling,awantlingqg@rediff.com,Male,80,63
954,Arnuad,Altree,aaltreeqh@aol.com,Male,29,59
955,Elvyn,Cranch,ecranchqi@theguardian.com,Male,77,22
956,Allegra,Ditchfield,aditchfieldqj@msn.com,Female,88,64
957,Dew,Oris,dorisqk@about.com,Male,99,35
958,Lindy,Flay,lflayql@merriam-webster.com,Male,28,64
959,Ajay,Serchwell,aserchwellqm@e-recht24.de,Female,70,40
960,Winonah,Glanton,wglantonqn@feedburner.com,Female,39,68
961,Ado,Essel,aesselqo@craigslist.org,Male,87,42
962,Wilona,Alven,walvenqp@google.ca,Female,95,17
963,Loraine,Antonucci,lantonucciqq@tamu.edu,Female,34,51
964,Florinda,Esselen,fesselenqr@icio.us,Female,96,48
965,Haslett,Kimberly,hkimberlyqs@stumbleupon.com,Male,32,39
966,Amby,Seid,aseidqt@tripod.com,Male,75,2
967,Lazarus,Clemitt,lclemittqu@columbia.edu,Male,86,70
968,Bentley,Kineton,bkinetonqv@indiegogo.com,Male,80,34
969,Caralie,Pactat,cpactatqw@lulu.com,Female,79,35
970,Jay,Britner,jbritnerqx@tumblr.com,Male,30,19
971,Janela,Grewar,jgrewarqy@bizjournals.com,Female,43,50
972,Ozzie,Galliford,ogallifordqz@biglobe.ne.jp,Male,96,66
973,Rabi,Wong,rwongr0@nasa.gov,Male,82,27
974,Malory,Gellan,mgellanr1@istockphoto.com,Female,87,58
975,Philip,Picknett,ppicknettr2@delicious.com,Male,49,6
976,Jodie,Bealing,jbealingr3@posterous.com,Female,85,59
977,Andras,Didsbury,adidsburyr4@histats.com,Male,34,63
978,Kyrstin,Pinare,kpinarer5@moonfruit.com,Female,48,41
979,Stanly,Porkiss,sporkissr6@yale.edu,Male,63,42
980,Gun,Jessope,gjessoper7@uiuc.edu,Male,22,8
981,Esmaria,Vicioso,eviciosor8@icio.us,Female,68,50
982,Conchita,Skinn,cskinnr9@linkedin.com,Female,56,29
983,Perri,Iacovone,piacovonera@rediff.com,Female,84,65
984,Kristo,Manicomb,kmanicombrb@sun.com,Male,70,53
985,Arlene,Kenryd,akenrydrc@trellian.com,Female,98,17
986,April,Claire,aclairerd@mediafire.com,Female,72,59
987,Sammie,Peniman,spenimanre@weather.com,Male,80,65
988,Morissa,Matusevich,mmatusevichrf@livejournal.com,Female,83,29
989,Elladine,Etteridge,eetteridgerg@chronoengine.com,Female,28,59
990,Otis,Keyzor,okeyzorrh@dmoz.org,Male,86,66
991,Mechelle,Stickland,msticklandri@guardian.co.uk,Female,74,62
992,Dimitri,Ludwig,dludwigrj@clickbank.net,Male,98,62
993,Myles,Alejo,malejork@hexun.com,Male,49,1
994,Jehanna,Jurgen,jjurgenrl@slideshare.net,Female,45,50
995,Kelci,Hambrick,khambrickrm@uiuc.edu,Female,73,34
996,Lay,Lotwich,llotwichrn@wikia.com,Male,35,56
997,Constanta,Piele,cpielero@psu.edu,Female,66,15
998,Consuelo,Gagen,cgagenrp@foxnews.com,Female,71,36
999,Roda,Nelligan,rnelliganrq@sciencedaily.com,Female,64,6
1000,Rosco,Shipp,rshipprr@sciencedirect.com,Male,97,0
